Workbook

Sheet ReadMe
A1: Demand Forecasting & Inventory Optimization — Excel Tools
A3: This workbook is built on top of the validated Colab pipeline (Notebooks 01-05) and Power BI report. It does not re-run the forecasting models — it takes their validated outputs (per-SKU forecast-error sigma, real unit prices) and gives Excel a genuine, real role: live sensitivity analysis on the locked EOQ / Safety Stock / Reorder Point formulas, and a hands-on Solver proof of why EOQ is the cost-minimizing order quantity in the first place.
A6: Tab | B6: Purpose
A8: Sensitivity Calculator | B8: Live what-if tool on all 500 real SKUs. Change ordering cost, holding rate, lead time, or service level and every EOQ / Safety Stock / Reorder Point / Holding Cost figure recalculates immediately — including the portfolio-level Safety Stock and Holding Cost reduction percentages. At the locked assumptions (Rs 750 ordering cost, 20% holding rate, 7-day lead time, 95% service level) this reproduces the validated 33.3% safety stock reduction and 5.3% (Rs 7.29L) holding cost reduction exactly.
A10: EOQ Solver Demo | B10: A small, real subset (5 SKUs) of the EOQ optimization problem underlying the entire inventory analysis. Order quantity starts at a deliberately non-optimal guess. Use Data > Solver to minimize total annual cost by varying order quantity — and confirm Solver's answer lands on the same value as the closed-form EOQ formula used throughout this project. This is a genuine nonlinear optimization (GRG Nonlinear), not the integer/assignment type of problem Solver demos are usually built around — EOQ's cost curve is smooth and convex, not combinatorial.
A12: Data - SKU Detail | B12: Real per-SKU inputs (unit price, annual demand, naive/XGBoost forecast-error sigma) for all 500 store-item combinations, copied from the validated Notebook 04/05 exports. Feeds the Sensitivity Calculator via formulas — nothing here is re-derived, only referenced.
A15: Color legend
A16: Blue text, yellow fill | B16: Editable input / assumption — change this
A17: Black text | B17: Formula — recalculates automatically, do not overtype
A18: Grey fill | B18: Reference data, copied from validated Notebook 05 exports
A21: Data source & validation
A22: Per-SKU unit price, annual demand, and naive/XGBoost forecast-error sigma are the exact validated values from the Colab pipeline (fact_inventory_policy, joined to dim_item). Formulas in this workbook (EOQ = SQRT(2DS/H); Safety Stock = Z x sigma x SQRT(lead time); Average Inventory = EOQ/2 + Safety Stock; Holding Cost = Average Inventory x unit price x holding rate) are identical to the ones used in Notebook 04. At the locked assumptions, this workbook's totals were confirmed to reproduce the validated benchmarks (33.3% safety stock reduction, 5.3% / Rs 7,28,902 holding cost reduction) before this file was finalized.

Sheet Data - SKU Detail
A1: store_key | B1: item_key | C1: unit_price | D1: abc_class | E1: avg_daily_demand | F1: annual_demand | G1: naive_sigma | H1: best_sigma
A2: 1 | B2: 1 | C2: 2297.68 | D2: A | E2: 22.172603 | F2: 8093 | G2: 6.3575857 | H2: 4.7558666
A3: 1 | B3: 2 | C3: 235.35 | D3: B | E3: 59.09863 | F3: 21571 | G3: 10.559571 | H3: 7.2935315
A4: 1 | B4: 3 | C4: 767.06 | D4: A | E4: 37.145205 | F4: 13558 | G4: 8.582328 | H4: 5.9251614
A5: 1 | B5: 4 | C5: 1783.76 | D5: A | E5: 22.150685 | F5: 8085 | G5: 6.557648 | H5: 4.3318037
A6: 1 | B6: 5 | C6: 2500 | D6: A | E6: 18.663014 | F6: 6812 | G6: 6.1953777 | H6: 4.2867304
A7: 1 | B7: 6 | C7: 278.63 | D7: B | E7: 59.172603 | F7: 21598 | G7: 11.176621 | H7: 7.9856862
A8: 1 | B8: 7 | C8: 256.08 | D8: B | E8: 58.528767 | F8: 21363 | G8: 11.889803 | H8: 8.0424684
A9: 1 | B9: 8 | C9: 85.49 | D9: C | E9: 77.690411 | F9: 28357 | G9: 15.741203 | H9: 9.5398152
A10: 1 | B10: 9 | C10: 303.16 | D10: B | E10: 51.750685 | F10: 18889 | G10: 11.682084 | H10: 7.7951994
A11: 1 | B11: 10 | C11: 93.02 | D11: C | E11: 74.273973 | F11: 27110 | G11: 15.405508 | H11: 9.7418377
A12: 1 | B12: 11 | C12: 101.21 | D12: C | E12: 70.964384 | F12: 25902 | G12: 12.698397 | H12: 8.9470634
A13: 1 | B13: 12 | C13: 110.12 | D13: C | E13: 70.789041 | F13: 25838 | G13: 10.637627 | H13: 7.1312889
... A501: 10 | B501: 50 | C501: 154.34 | D501: C | E501: 82.712329 | F501: 30190 | G501: 12.474877 | H501: 9.3738701

Sheet Sensitivity Calculator
A1: Sensitivity calculator — live EOQ / Safety Stock / Holding Cost, all 500 SKUs
A2: Recalculates from Data - SKU Detail using the assumptions below. Does not re-run the forecasting models.
A4: Assumptions (edit the yellow cells)
A5: Ordering cost (Rs/order) | B5: 750
A6: Holding rate (annual, % of unit price) | B6: 0.2
A7: Lead time (days) | B7: 7
A8: Target service level | B8: 0.95
A9: Z-value (from service level, NORM.S.INV) | B9: =NORMSINV(B8) -> 1.6448536
A12: store_key | B12: item_key | C12: unit_price (Rs) | D12: annual_demand | E12: holding_cost/unit (Rs) | F12: EOQ (units) | G12: naive_sigma | H12: best_sigma | I12: naive_safety_stock | J12: ml_safety_stock | K12: naive_avg_inventory | L12: ml_avg_inventory | M12: naive_holding_cost (Rs) | N12: ml_holding_cost (Rs) | O12: holding_cost_saving (Rs)
A13: ='Data - SKU Detail'!A2 -> 1 | B13: ='Data - SKU Detail'!B2 -> 1 | C13: ='Data - SKU Detail'!C2 -> 2297.68 | D13: ='Data - SKU Detail'!F2 -> 8093 | E13: =C13*$B$6 -> 459.536 | F13: =SQRT(2*D13*$B$5/E13) -> 162.53266 | G13: ='Data - SKU Detail'!G2 -> 6.3575857 | H13: ='Data - SKU Detail'!H2 -> 4.7558666 | I13: =$B$9*G13*SQRT($B$7) -> 27.66741 | J13: =$B$9*H13*SQRT($B$7) -> 20.69693 | K13: =F13/2+I13 -> 108.93374 | L13: =F13/2+J13 -> 101.96326 | M13: =K13*E13 -> 50058.974 | N13: =L13*E13 -> 46855.788 | O13: =M13-N13 -> 3203.1862
A14: ='Data - SKU Detail'!A3 -> 1 | B14: ='Data - SKU Detail'!B3 -> 2 | C14: ='Data - SKU Detail'!C3 -> 235.35 | D14: ='Data - SKU Detail'!F3 -> 21571 | E14: =C14*$B$6 -> 47.07 | F14: =SQRT(2*D14*$B$5/E14) -> 829.10335 | G14: ='Data - SKU Detail'!G3 -> 10.559571 | H14: ='Data - SKU Detail'!H3 -> 7.2935315 | I14: =$B$9*G14*SQRT($B$7) -> 45.953919 | J14: =$B$9*H14*SQRT($B$7) -> 31.740528 | K14: =F14/2+I14 -> 460.50559 | L14: =F14/2+J14 -> 446.2922 | M14: =K14*E14 -> 21675.998 | N14: =L14*E14 -> 21006.974 | O14: =M14-N14 -> 669.02431
A15: ='Data - SKU Detail'!A4 -> 1 | B15: ='Data - SKU Detail'!B4 -> 3 | C15: ='Data - SKU Detail'!C4 -> 767.06 | D15: ='Data - SKU Detail'!F4 -> 13558 | E15: =C15*$B$6 -> 153.412 | F15: =SQRT(2*D15*$B$5/E15) -> 364.09421 | G15: ='Data - SKU Detail'!G4 -> 8.582328 | H15: ='Data - SKU Detail'!H4 -> 5.9251614 | I15: =$B$9*G15*SQRT($B$7) -> 37.349207 | J15: =$B$9*H15*SQRT($B$7) -> 25.785554 | K15: =F15/2+I15 -> 219.39631 | L15: =F15/2+J15 -> 207.83266 | M15: =K15*E15 -> 33658.027 | N15: =L15*E15 -> 31884.024 | O15: =M15-N15 -> 1774.0032
A16: ='Data - SKU Detail'!A5 -> 1 | B16: ='Data - SKU Detail'!B5 -> 4 | C16: ='Data - SKU Detail'!C5 -> 1783.76 | D16: ='Data - SKU Detail'!F5 -> 8085 | E16: =C16*$B$6 -> 356.752 | F16: =SQRT(2*D16*$B$5/E16) -> 184.37517 | G16: ='Data - SKU Detail'!G5 -> 6.557648 | H16: ='Data - SKU Detail'!H5 -> 4.3318037 | I16: =$B$9*G16*SQRT($B$7) -> 28.538055 | J16: =$B$9*H16*SQRT($B$7) -> 18.851462 | K16: =F16/2+I16 -> 120.72564 | L16: =F16/2+J16 -> 111.03905 | M16: =K16*E16 -> 43069.114 | N16: =L16*E16 -> 39613.402 | O16: =M16-N16 -> 3455.7115
A17: ='Data - SKU Detail'!A6 -> 1 | B17: ='Data - SKU Detail'!B6 -> 5 | C17: ='Data - SKU Detail'!C6 -> 2500 | D17: ='Data - SKU Detail'!F6 -> 6812 | E17: =C17*$B$6 -> 500 | F17: =SQRT(2*D17*$B$5/E17) -> 142.95454 | G17: ='Data - SKU Detail'!G6 -> 6.1953777 | H17: ='Data - SKU Detail'!H6 -> 4.2867304 | I17: =$B$9*G17*SQRT($B$7) -> 26.961501 | J17: =$B$9*H17*SQRT($B$7) -> 18.655309 | K17: =F17/2+I17 -> 98.43877 | L17: =F17/2+J17 -> 90.132578 | M17: =K17*E17 -> 49219.385 | N17: =L17*E17 -> 45066.289 | O17: =M17-N17 -> 4153.0959
A18: ='Data - SKU Detail'!A7 -> 1 | B18: ='Data - SKU Detail'!B7 -> 6 | C18: ='Data - SKU Detail'!C7 -> 278.63 | D18: ='Data - SKU Detail'!F7 -> 21598 | E18: =C18*$B$6 -> 55.726 | F18: =SQRT(2*D18*$B$5/E18) -> 762.47123 | G18: ='Data - SKU Detail'!G7 -> 11.176621 | H18: ='Data - SKU Detail'!H7 -> 7.9856862 | I18: =$B$9*G18*SQRT($B$7) -> 48.639244 | J18: =$B$9*H18*SQRT($B$7) -> 34.752697 | K18: =F18/2+I18 -> 429.87486 | L18: =F18/2+J18 -> 415.98831 | M18: =K18*E18 -> 23955.206 | N18: =L18*E18 -> 23181.365 | O18: =M18-N18 -> 773.8417
A19: ='Data - SKU Detail'!A8 -> 1 | B19: ='Data - SKU Detail'!B8 -> 7 | C19: ='Data - SKU Detail'!C8 -> 256.08 | D19: ='Data - SKU Detail'!F8 -> 21363 | E19: =C19*$B$6 -> 51.216 | F19: =SQRT(2*D19*$B$5/E19) -> 790.99533 | G19: ='Data - SKU Detail'!G8 -> 11.889803 | H19: ='Data - SKU Detail'!H8 -> 8.0424684 | I19: =$B$9*G19*SQRT($B$7) -> 51.74292 | J19: =$B$9*H19*SQRT($B$7) -> 34.999806 | K19: =F19/2+I19 -> 447.24059 | L19: =F19/2+J19 -> 430.49747 | M19: =K19*E19 -> 22905.874 | N19: =L19*E19 -> 22048.359 | O19: =M19-N19 -> 857.51533
A20: ='Data - SKU Detail'!A9 -> 1 | B20: ='Data - SKU Detail'!B9 -> 8 | C20: ='Data - SKU Detail'!C9 -> 85.49 | D20: ='Data - SKU Detail'!F9 -> 28357 | E20: =C20*$B$6 -> 17.098 | F20: =SQRT(2*D20*$B$5/E20) -> 1577.2594 | G20: ='Data - SKU Detail'!G9 -> 15.741203 | H20: ='Data - SKU Detail'!H9 -> 9.5398152 | I20: =$B$9*G20*SQRT($B$7) -> 68.503727 | J20: =$B$9*H20*SQRT($B$7) -> 41.51607 | K20: =F20/2+I20 -> 857.13341 | L20: =F20/2+J20 -> 830.14575 | M20: =K20*E20 -> 14655.267 | N20: =L20*E20 -> 14193.832 | O20: =M20-N20 -> 461.43495
A21: ='Data - SKU Detail'!A10 -> 1 | B21: ='Data - SKU Detail'!B10 -> 9 | C21: ='Data - SKU Detail'!C10 -> 303.16 | D21: ='Data - SKU Detail'!F10 -> 18889 | E21: =C21*$B$6 -> 60.632 | F21: =SQRT(2*D21*$B$5/E21) -> 683.59545 | G21: ='Data - SKU Detail'!G10 -> 11.682084 | H21: ='Data - SKU Detail'!H10 -> 7.7951994 | I21: =$B$9*G21*SQRT($B$7) -> 50.838955 | J21: =$B$9*H21*SQRT($B$7) -> 33.923723 | K21: =F21/2+I21 -> 392.63668 | L21: =F21/2+J21 -> 375.72145 | M21: =K21*E21 -> 23806.347 | N21: =L21*E21 -> 22780.743 | O21: =M21-N21 -> 1025.6044
A22: ='Data - SKU Detail'!A11 -> 1 | B22: ='Data - SKU Detail'!B11 -> 10 | C22: ='Data - SKU Detail'!C11 -> 93.02 | D22: ='Data - SKU Detail'!F11 -> 27110 | E22: =C22*$B$6 -> 18.604 | F22: =SQRT(2*D22*$B$5/E22) -> 1478.452 | G22: ='Data - SKU Detail'!G11 -> 15.405508 | H22: ='Data - SKU Detail'!H11 -> 9.7418377 | I22: =$B$9*G22*SQRT($B$7) -> 67.042823 | J22: =$B$9*H22*SQRT($B$7) -> 42.395247 | K22: =F22/2+I22 -> 806.26881 | L22: =F22/2+J22 -> 781.62124 | M22: =K22*E22 -> 14999.825 | N22: =L22*E22 -> 14541.281 | O22: =M22-N22 -> 458.54351
A23: ='Data - SKU Detail'!A12 -> 1 | B23: ='Data - SKU Detail'!B12 -> 11 | C23: ='Data - SKU Detail'!C12 -> 101.21 | D23: ='Data - SKU Detail'!F12 -> 25902 | E23: =C23*$B$6 -> 20.242 | F23: =SQRT(2*D23*$B$5/E23) -> 1385.4331 | G23: ='Data - SKU Detail'!G12 -> 12.698397 | H23: ='Data - SKU Detail'!H12 -> 8.9470634 | I23: =$B$9*G23*SQRT($B$7) -> 55.261819 | J23: =$B$9*H23*SQRT($B$7) -> 38.936489 | K23: =F23/2+I23 -> 747.97838 | L23: =F23/2+J23 -> 731.65305 | M23: =K23*E23 -> 15140.578 | N23: =L23*E23 -> 14810.121 | O23: =M23-N23 -> 330.45732
A24: ='Data - SKU Detail'!A13 -> 1 | B24: ='Data - SKU Detail'!B13 -> 12 | C24: ='Data - SKU Detail'!C13 -> 110.12 | D24: ='Data - SKU Detail'!F13 -> 25838 | E24: =C24*$B$6 -> 22.024 | F24: =SQRT(2*D24*$B$5/E24) -> 1326.5602 | G24: ='Data - SKU Detail'!G13 -> 10.637627 | H24: ='Data - SKU Detail'!H13 -> 7.1312889 | I24: =$B$9*G24*SQRT($B$7) -> 46.293607 | J24: =$B$9*H24*SQRT($B$7) -> 31.034468 | K24: =F24/2+I24 -> 709.57373 | L24: =F24/2+J24 -> 694.31459 | M24: =K24*E24 -> 15627.652 | N24: =L24*E24 -> 15291.585 | O24: =M24-N24 -> 336.06727
... A512: ='Data - SKU Detail'!A501 -> 10 | B512: ='Data - SKU Detail'!B501 -> 50 | C512: ='Data - SKU Detail'!C501 -> 154.34 | D512: ='Data - SKU Detail'!F501 -> 30190 | E512: =C512*$B$6 -> 30.868 | F512: =SQRT(2*D512*$B$5/E512) -> 1211.2197 | G512: ='Data - SKU Detail'!G501 -> 12.474877 | H512: ='Data - SKU Detail'!H501 -> 9.3738701 | I512: =$B$9*G512*SQRT($B$7) -> 54.289088 | J512: =$B$9*H512*SQRT($B$7) -> 40.793898 | K512: =F512/2+I512 -> 659.89896 | L512: =F512/2+J512 -> 646.40377 | M512: =K512*E512 -> 20369.761 | N512: =L512*E512 -> 19953.192 | O512: =M512-N512 -> 416.56951
A513: PORTFOLIO TOTAL | I513: =SUM(I13:I512) -> 25114.83 | J513: =SUM(J13:J512) -> 16744.487 | M513: =SUM(M13:M512) -> 13738003 | N513: =SUM(N13:N512) -> 13009122 | O513: =SUM(O13:O512) -> 728881.54
A515: Safety Stock Reduction % | B515: =1-J513/I513 -> 0.3332829
A516: Holding Cost Reduction % | B516: =1-N513/M513 -> 0.053055857
A517: Annual Holding Cost Saving (Rs) | B517: =O513 -> 728881.54

Sheet EOQ Solver Demo
A1: EOQ Solver demonstration — real data, 5 SKUs
A2: Proof of mechanics, not a re-optimization of the portfolio. All demand, price, and holding-cost figures below are real, drawn from the same validated data as the full 500-SKU calculator. Order quantity (Q) starts at a deliberately wrong guess (50 units) so Solver visibly has work to do. Use Data > Solver to minimize total annual cost, then compare Solver's answer to the closed-form EOQ formula used throughout this project.
A4: SKU (store-item) | B4: Annual demand (D) | C4: Ordering cost (S, Rs) | D4: Holding cost/unit (H, Rs) | E4: Order Qty Q (Solver fills) | F4: Ordering cost/yr (D/Q*S) | G4: Holding cost/yr (Q/2*H) | H4: Total cost/yr | I4: Closed-form EOQ (validated, = SQRT(2DS/H))
A5: S8-I12 | B5: 34784 | C5: 750 | D5: 22.02 | E5: 50 | F5: =(B5/E5)*C5 -> 521760 | G5: =(E5/2)*D5 -> 550.5 | H5: =F5+G5 -> 522310.5 | I5: =SQRT(2*B5*C5/D5) -> 1539.3123
A6: S2-I24 | B6: 34465 | C6: 750 | D6: 28.37 | E6: 50 | F6: =(B6/E6)*C6 -> 516975 | G6: =(E6/2)*D6 -> 709.25 | H6: =F6+G6 -> 517684.25 | I6: =SQRT(2*B6*C6/D6) -> 1349.9109
A7: S8-I25 | B7: 40252 | C7: 750 | D7: 11.21 | E7: 50 | F7: =(B7/E7)*C7 -> 603780 | G7: =(E7/2)*D7 -> 280.25 | H7: =F7+G7 -> 604060.25 | I7: =SQRT(2*B7*C7/D7) -> 2320.7938
A8: S4-I6 | B8: 24924 | C8: 750 | D8: 55.73 | E8: 50 | F8: =(B8/E8)*C8 -> 373860 | G8: =(E8/2)*D8 -> 1393.25 | H8: =F8+G8 -> 375253.25 | I8: =SQRT(2*B8*C8/D8) -> 819.04918
A9: S3-I5 | B9: 8525 | C9: 750 | D9: 500 | E9: 50 | F9: =(B9/E9)*C9 -> 127875 | G9: =(E9/2)*D9 -> 12500 | H9: =F9+G9 -> 140375 | I9: =SQRT(2*B9*C9/D9) -> 159.92186
A11: OBJECTIVE: Total cost/yr, all 5 SKUs | B11: =SUM(H5:H9) -> 2159683.2
A13: Solver setup (Data tab > Solver)
A14: 1. Set Objective: B11 Set to: Min
A15: 2. By Changing Variable Cells: E5:E9
A16: 3. Add Constraint: E5:E9 >= 1 (order quantity must be positive)
A17: 4. Solving method: GRG Nonlinear (the cost curve is smooth and convex, not linear or integer-constrained)
A18: 5. Click Solve
A19: 6. Compare column E (Solver's answer) to column I (closed-form EOQ) -- they should match closely
